time_rel(sec),velocity(m/s),year,month,day,hour,minute,second,Predictions
73500,9.004942e-10,1970,1,19,20,25,0,0
73500,4.575971e-10,1970,1,19,20,25,0,0
73500,-4.284551e-10,1970,1,19,20,25,1,0
73500,-1.209429e-09,1970,1,19,20,25,1,0
